Date,Initials,Treatment,PlantNo,Farm,HpTrt,Branch Code,NumBerries,,,
7/22/19,LW,A,44,FullBelly,HplB,HplB,1,,HpTrt,BranchCode
7/22/19,LW,A,44,FullBelly,Cl C,Cl C,3,,Co,CoA
7/22/19,LW,A,44,FullBelly,Hpl C,Hpl C,2,,Hp,HpA
7/22/19,LW,A,44,FullBelly,HplA,HplA,3,,,
7/22/19,LW,A,44,FullBelly,ClA,ClA,2,,,
7/22/19,LW,A,44,FullBelly,ClB,ClB,1,,FullBelly,
7/22/19,LW,A,298,Isham,HplC,HplC,1,,Charlotte,
7/22/19,LW,A,298,Isham,ClA,ClA,1,,Isham,
7/22/19,LW,A,298,Isham,HplB,HplB,1,,Adams,
7/22/19,LW,A,299,FullBelly,HplB,HplB,3,,Knoll,
7/22/19,LW,A,299,FullBelly,Cl C,Cl C,9,,Hort,
7/22/19,LW,A,64,Charlotte,ClA,ClA,2,,,
7/22/19,LW,A,64,Charlotte,ClB,ClB,1,,,
7/22/19,LW,A,64,Charlotte,HplA,HplA,1,,,
7/22/19,LW,A,230,Knoll,HplB,HplB,2,,,
7/22/19,LW,A,230,Knoll,ClA,ClA,2,,,
7/22/19,LW,A,218,Charlotte,ClA,ClA,1,,,
7/22/19,LW,A,218,Charlotte,HplA,HplA,1,,,
7/22/19,LW,A,146,FullBelly,HplA,HplA,4,,,
7/22/19,LW,A,118,Adams,Untagged,Untagged,1,,,
7/22/19,LW,A,105,Adams,HplB,HplB,1,,,
7/22/19,LW,B,199,Hort,N/A,N/A,1,,,
7/22/19,LW,C,86,FullBelly,ClA,ClA,3,,,
7/22/19,LW,C,86,FullBelly,HplB,HplB,1,,,
7/22/19,LW,C,9,Charlotte,HplA,HplA,1,,,
7/22/19,BJM,C,307,Adams,ClB,ClB,1,,,
7/22/19,BJM,C,307,Adams,HplB,HplB,1,,,
7/22/19,BJM,D,17,Hort,NA,NA,4,,,
7/22/19,BJM,D,283,Hort,NA,NA,2,,,
7/22/19,BJM,D,385,Hort,NA,NA,1,,,
7/22/19,BJM,D,284,Hort,NA,NA,1,,,
7/22/19,BJM,D,365,Hort,NA,NA,9,,,
7/22/19,BJM,D,129,Hort,NA,NA,3,,,
7/22/19,BJM,D,363,Hort,NA,NA,2,,,
7/22/19,BJM,D,374,Hort,NA,NA,4,,,
7/22/19,BJM,E,335,Charlotte,CLA,CLA,1,,,
7/22/19,BJM,E,214,Charlotte,HPLA,HPLA,1,,,
7/22/19,BJM,E,289,Knoll,HPLB,HPLB,4,,,
7/22/19,BJM,E,174,Knoll,CLA,CLA,3,,,
7/22/19,BJM,E,289,Knoll,HPLA,HPLA,3,,,
7/22/19,BJM,E,289,Knoll,CLA,CLA,1,,,
7/22/19,BJM,E,128,Isham,CLB,CLB,3,,,
7/22/19,BJM,E,128,Isham,HPLA,HPLA,5,,,
7/22/19,BJM,E,216,FullBelly,HPLA,HPLA,2,,,
7/22/19,BJM,E,260,FullBelly,CLA,CLA,3,,,
7/22/19,BJM,E,260,FullBelly,HPLA,HPLA,2,,,
7/22/19,BJM,E,395,Adams,HPLA,HPLA,4,,,
7/22/19,BJM,E,329,Boutin,CLA,CLA,2,,,
7/22/19,LW,C,3,Isham,HPLA,HPLA,2,,,
7/22/19,LW,C,322,FullBelly,CLA,CLA,2,,,
7/22/19,LW,C,322,FullBelly,HPLA,HPLA,1,,,
7/22/19,LW,C,370,FullBelly,HPLA,HPLA,1,,,
7/24/19,"MM, BM",A,355,Adams,Untagged,Untagged,1,,,
7/24/19,"MM, BM",A,105,Adams,HPlA,HPlA,2,,,
7/24/19,"MM, BM",A,105,Adams,HPlB,HPlB,1,,,
7/24/19,"MM, BM",A,228,Adams,ClA,ClA,1,,,
7/24/19,"MM, BM",A,44,FullBelly,ClC,ClC,1,,,
7/24/19,"MM, BM",A,299,FullBelly,ClC,ClC,3,,,
7/24/19,"MM, BM",A,298,Isham,ClB,ClB,1,,,
7/24/19,"MM, BM",A,298,Isham,HPlA,HPlA,1,,,
7/24/19,"MM, BM",A,230,Knoll,ClB,ClB,2,,,
7/24/19,"MM, BM",A,230,Knoll,HPlA,HPlA,1,,,
7/24/19,"MM, BM",A,351,Charlotte,HPlA,HPlA,1,,,
7/24/19,"MM, BM",A,230,Knoll,HPlB,HPlB,1,,,
7/24/19,"MM, BM",A,73,Charlotte,HPlB,HPlB,1,,,
7/24/19,"MM, BM",A,73,Charlotte,HPlA,HPlA,2,,,
7/24/19,"MM, BM",A,64,Charlotte,HPlA,HPlA,2,,,
7/24/19,"MM, BM",A,64,Charlotte,CLB,CLB,1,,,
7/24/19,"MM, BM",A,64,Charlotte,HPLB,HPLB,1,,,
7/24/19,"MM, BM",A,218,Charlotte,HPLA,HPLA,2,,,
7/24/19,"MM, BM",A,218,Charlotte,CLA,CLA,2,,,
7/24/19,"MM, BM",C,9,Charlotte,CLA,CLA,2,,,
7/24/19,"MM, BM",C,9,Charlotte,CLC,CLC,1,,,
7/24/19,"MM, BM",C,26,Knoll,HPLA,HPLA,1,,,
7/24/19,"MM, BM",C,86,FullBelly,CLB,CLB,1,,,
7/24/19,"MM, BM",C,86,FullBelly,HPLA,HPLA,2,,,
7/24/19,"MM, BM",C,86,FullBelly,CLA,CLA,1,,,
7/24/19,"MM, BM",E,137,Boutin,HPLA,HPLA,2,,,
7/24/19,"MM, BM",E,323,Charlotte,HPLA,HPLA,1,,,
7/24/19,"MM, BM",E,214,Charlotte,HPLA,HPLA,1,,,
7/24/19,"MM, BM",E,289,Knoll,HPLA,HPLA,4,,,
7/24/19,"MM, BM",E,289,Knoll,CLA,CLA,2,,,
7/24/19,"MM, BM",E,194,Knoll,HPLA,HPLA,1,,,
7/24/19,"MM, BM",E,128,Isham,CLA,CLA,1,,,
7/24/19,"MM, BM",E,201,Isham,HPLA,HPLA,1,,,
7/24/19,"MM, BM",E,128,Isham,HPLA,HPLA,3,,,
7/24/19,"MM, BM",E,346,Isham,HPLA,HPLA,1,,,
7/24/19,"MM, BM",E,396,Isham,CLB,CLB,3,,,
7/24/19,"MM, BM",E,331,FullBelly,HPLA,HPLA,1,,,
7/24/19,"MM, BM",E,331,FullBelly,Untagged,Untagged,1,,,
7/24/19,"MM, BM",E,334,FullBelly,HPLB,HPLB,3,,,
7/24/19,"MM, BM",E,334,FullBelly,CLA,CLA,2,,,
7/24/19,"MM, BM",E,334,FullBelly,CLC,CLC,3,,,
7/24/19,"MM, BM",E,334,FullBelly,HPLA,HPLA,2,,,
7/24/19,"MM, BM",E,395,Adams,HPLA,HPLA,1,,,
7/24/19,"MM, BM",E,395,Adams,HPLC,HPLC,1,,,
7/24/19,"MM, BM",E,196,FullBelly,CLA,CLA,1,,,
7/24/19,"MM, BM",E,196,FullBelly,HPLA,HPLA,1,,,
7/24/19,"MM, BM",E,347,FullBelly,Untagged,Untagged,3,,,
7/24/19,"MM, BM",E,216,FullBelly,HPLA,HPLA,1,,,
7/24/19,"MM, BM",E,215,Adams,HPLA,HPLA,1,,,
7/24/19,"MM, BM",E,216,FullBelly,CLC,CLC,1,,,
7/24/19,"MM, BM",E,213,Boutin,CLA,CLA,1,,,
7/24/19,"MM, BM",D,49,Hort,Untagged,Untagged,5,,,
7/24/19,"MM, BM",D,365,Hort,Untagged,Untagged,6,,,
7/24/19,"MM, BM",D,283,Hort,Untagged,Untagged,8,,,
7/24/19,"MM, BM",D,130,Hort,Untagged,Untagged,3,,,
7/24/19,"MM, BM",D,94,Hort,Untagged,Untagged,1,,,
7/24/19,"MM, BM",D,17,Hort,Untagged,Untagged,3,,,
7/26/19,"LW, RS",A,105,Adams,HPA,HPA,3,,,
7/26/19,"LW, RS",A,105,Adams,HPB,HPB,1,,,
7/26/19,"LW, RS",A,44,FullBelly,HPC,HPC,1,,,
7/26/19,"LW, RS",A,355,Adams,Untagged,Untagged,1,,,
7/26/19,"LW, RS",A,153,FullBelly,CLA,CLA,1,,,
7/26/19,"LW, RS",A,109,Adams,HPB,HPB,1,,,
7/26/19,"LW, RS",A,299,FullBelly,CLC,CLC,11,,,
7/26/19,"LW, RS",A,146,FullBelly,HPA,HPA,3,,,
7/26/19,"LW, RS",A,299,FullBelly,CLB,CLB,1,,,
7/26/19,"LW, RS",A,299,FullBelly,HPB,HPB,2,,,
7/26/19,"LW, RS",A,146,FullBelly,CLA,CLA,2,,,
7/26/19,"LW, RS",A,298,Isham,HPLA,HPLA,1,,,
7/26/19,"LW, RS",A,298,Isham,HPLB,HPLB,3,,,
7/26/19,"LW, RS",A,230,Knoll,CLB,CLB,3,,,
7/26/19,"LW, RS",A,230,Knoll,HPLA,HPLA,1,,,
7/26/19,"LW, RS",A,230,Knoll,CLA,CLA,2,,,
7/26/19,"LW, RS",A,230,Knoll,HPLB,HPLB,2,,,
7/26/19,"LW, RS",A,148,Knoll,HPLB,HPLB,1,,,
7/26/19,"LW, RS",A,73,Charlotte,HPLA,HPLA,7,,,
7/26/19,"LW, RS",A,64,Charlotte,HPLB,HPLB,1,,,
7/26/19,"LW, RS",A,64,Charlotte,CLA,CLA,1,,,
7/26/19,"LW, RS",A,64,Charlotte,HPLA,HPLA,1,,,
7/26/19,"LW, RS",C,9,Charlotte,HPLA,HPLA,3,,,
7/26/19,"LW, RS",C,9,Charlotte,CLA,CLA,1,,,
7/26/19,"LW, RS",C,322,FullBelly,HPLA,HPLA,2,,,
7/26/19,"LW, RS",C,322,FullBelly,CLA,CLA,1,,,
7/26/19,"LW, RS",C,86,FullBelly,CLB,CLB,2,,,
7/26/19,"LW, RS",C,86,FullBelly,HPLB,HPLB,1,,,
7/26/19,"LW, RS",C,86,FullBelly,HPLA,HPLA,2,,,
7/26/19,"LW, RS",C,307,Adams,HPLB,HPLB,2,,,
7/26/19,"LW, RS",D,374,Hort,NA,NA,2,,,
7/26/19,"LW, RS",D,52,Hort,NA,NA,1,,,
7/26/19,"LW, RS",D,129,Hort,NA,NA,4,,,
7/26/19,"LW, RS",D,49,Hort,NA,NA,1,,,
7/26/19,"LW, RS",D,363,Hort,NA,NA,2,,,
7/26/19,"LW, RS",D,283,Hort,NA,NA,6,,,
7/26/19,"LW, RS",D,24,Hort,NA,NA,7,,,
7/26/19,"LW, RS",D,130,Hort,NA,NA,8,,,
7/26/19,"LW, RS",D,202,Hort,NA,NA,1,,,
7/26/19,"LW, RS",D,17,Hort,NA,NA,3,,,
7/26/19,"LW, RS",E,285,Charlotte,HPLA,HPLA,1,,,
7/26/19,"LW, RS",E,358,Charlotte,HPLA,HPLA,4,,,
7/26/19,"LW, RS",E,335,Charlotte,CLA,CLA,2,,,
7/26/19,"LW, RS",E,323,Charlotte,HPLA,HPLA,2,,,
7/26/19,"LW, RS",E,214,Charlotte,HPLA,HPLA,2,,,
7/26/19,"LW, RS",E,194,Knoll,HPLA,HPLA,1,,,
7/26/19,"LW, RS",E,289,Knoll,HPLA,HPLA,10,,,
7/26/19,"LW, RS",E,289,Knoll,HPLB,HPLB,5,,,
7/26/19,"LW, RS",E,289,Knoll,CLA,CLA,2,,,
7/26/19,"LW, RS",E,254,Knoll,HPLA,HPLA,1,,,
7/26/19,"LW, RS",E,254,Knoll,HPLB,HPLB,2,,,
7/26/19,"LW, RS",E,128,Isham,HPLA,HPLA,2,,,
7/26/19,"LW, RS",E,128,Isham,CLB,CLB,1,,,
7/26/19,"LW, RS",E,128,Isham,CLA,CLA,3,,,
7/26/19,"LW, RS",E,174,Knoll,CLA,CLA,3,,,
7/26/19,"LW, RS",E,201,Isham,CLB,CLB,1,,,
7/26/19,"LW, RS",E,201,Isham,HPLA,HPLA,3,,,
7/26/19,"LW, RS",E,338,Adams,HPLA,HPLA,3,,,
7/26/19,"LW, RS",E,338,Adams,CLC,CLC,1,,,
7/26/19,"LW, RS",E,348,Isham,HPLA,HPLA,1,,,
7/26/19,"LW, RS",E,348,Isham,CLA,CLA,1,,,
7/26/19,"LW, RS",E,338,Adams,HPLD,HPLD,1,,,
7/26/19,"LW, RS",E,338,Adams,HPLC,HPLC,5,,,
7/26/19,"LW, RS",E,346,Isham,HPLA,HPLA,1,,,
7/26/19,"LW, RS",E,396,Isham,HPLA,HPLA,1,,,
7/26/19,"LW, RS",E,396,Isham,CLB,CLB,3,,,
7/26/19,"LW, RS",E,396,Isham,CLA,CLA,2,,,
7/26/19,"LW, RS",E,134,FullBelly,HPLA,HPLA,2,,,
7/26/19,"LW, RS",E,134,FullBelly,Untagged,Untagged,1,,,
7/26/19,"LW, RS",E,196,FullBelly,HPLA,HPLA,4,,,
7/26/19,"LW, RS",E,196,FullBelly,HPLB,HPLB,1,,,
7/26/19,"LW, RS",E,398,Adams,HPLA,HPLA,7,,,
7/26/19,"LW, RS",E,215,Adams,CLA,CLA,2,,,
7/26/19,"LW, RS",E,334,FullBelly,CLB,CLB,3,,,
7/26/19,"LW, RS",E,213,Boutin,CLA,CLA,2,,,
7/26/19,"LW, RS",E,334,FullBelly,CLC,CLC,2,,,
7/26/19,"LW, RS",E,334,FullBelly,HPLA,HPLA,3,,,
7/26/19,"LW, RS",E,334,FullBelly,HPLB,HPLB,1,,,
7/26/19,"LW, RS",E,137,Boutin,CLB,CLB,1,,,
7/26/19,"LW, RS",E,329,Boutin,HPLA,HPLA,3,,,
7/26/19,"LW, RS",E,329,Boutin,CLA,CLA,3,,,
7/26/19,"LW, RS",E,161,Boutin,CLA,CLA,1,,,
7/26/19,"LW, RS",E,334,FullBelly,CLA,CLA,2,,,
7/26/19,"LW, RS",E,216,FullBelly,CLA,CLA,2,,,
7/26/19,"LW, RS",E,216,FullBelly,HPLA,HPLA,1,,,
7/26/19,"LW, RS",E,347,FullBelly,HPLA,HPLA,3,,,
7/29/19,"LW, RS, MM",A,105,Adams,HPLA,HPLA,4,,,
7/29/19,"LW, RS, MM",A,105,Adams,CLA,CLA,3,,,
7/29/19,"LW, RS, MM",A,355,Adams,Untagged,Untagged,2,,,
7/29/19,"LW, RS, MM",A,109,Adams,HPLB,HPLB,1,,,
7/29/19,"LW, RS, MM",A,109,Adams,CLB,CLB,2,,,
7/29/19,"LW, RS, MM",A,109,Adams,CLA,CLA,3,,,
7/29/19,"LW, RS, MM",A,299,FullBelly,CLB,CLB,1,,,
7/29/19,"LW, RS, MM",A,299,FullBelly,HPLB,HPLB,3,,,
7/29/19,"LW, RS, MM",A,299,FullBelly,CLC,CLC,9,,,
7/29/19,"LW, RS, MM",A,153,FullBelly,HPLB,HPLB,1,,,
7/29/19,"LW, RS, MM",A,44,FullBelly,HPLC,HPLC,1,,,
7/29/19,"LW, RS, MM",A,146,FullBelly,HPLB,HPLB,3,,,
7/29/19,"LW, RS, MM",A,146,FullBelly,HPLA,HPLA,5,,,
7/29/19,"LW, RS, MM",A,146,FullBelly,CLA,CLA,1,,,
7/29/19,"LW, RS, MM",A,146,FullBelly,CLB,CLB,1,,,
7/29/19,"LW, RS, MM",A,298,Isham,HPLC,HPLC,1,,,
7/29/19,"LW, RS, MM",A,298,Isham,CLA,CLA,1,,,
7/29/19,"LW, RS, MM",A,298,Isham,HPLA,HPLA,3,,,
7/29/19,"LW, RS, MM",A,298,Isham,HPLB,HPLB,1,,,
7/29/19,"LW, RS, MM",A,231,Isham,CLA,CLA,2,,,
7/29/19,"LW, RS, MM",A,230,Knoll,HPLB,HPLB,6,,,
7/29/19,"LW, RS, MM",A,230,Knoll,HPLA,HPLA,4,,,
7/29/19,"LW, RS, MM",A,230,Knoll,CLA,CLA,3,,,
7/29/19,"LW, RS, MM",A,230,Knoll,CLB,CLB,3,,,
7/29/19,"LW, RS, MM",A,148,Knoll,HPLB,HPLB,2,,,
7/29/19,"LW, RS, MM",A,148,Knoll,CLA,CLA,1,,,
7/29/19,"LW, RS, MM",A,169,Charlotte,CLA,CLA,1,,,
7/29/19,"LW, RS, MM",A,73,Charlotte,HPLA,HPLA,2,,,
7/29/19,"LW, RS, MM",A,60,Charlotte,HPLA,HPLA,2,,,
7/29/19,"LW, RS, MM",A,218,Charlotte,CLA,CLA,4,,,
7/29/19,"LW, RS, MM",A,218,Charlotte,HPLA,HPLA,3,,,
7/29/19,"LW, RS, MM",A,64,Charlotte,HPLA,HPLA,1,,,
7/29/19,"LW, RS, MM",A,64,Charlotte,HPLB,HPLB,2,,,
7/29/19,"LW, RS, MM",A,64,Charlotte,CLB,CLB,1,,,
7/29/19,"LW, RS, MM",B,199,Hort,NA,NA,3,,,
7/29/19,"LW, RS, MM",C,9,Charlotte,HPLA,HPLA,5,,,
7/29/19,"LW, RS, MM",C,9,Charlotte,CLA,CLA,1,,,
7/29/19,"LW, RS, MM",C,26,Knoll,HPLA,HPLA,1,,,
7/29/19,"LW, RS, MM",C,368,Knoll,HPLB,HPLB,1,,,
7/29/19,"LW, RS, MM",C,250,Isham,CLA,CLA,3,,,
7/29/19,"LW, RS, MM",C,370,FullBelly,CLA,CLA,1,,,
7/29/19,"LW, RS, MM",C,96,Boutin,CLA,CLA,2,,,
7/29/19,"LW, RS, MM",C,321,Boutin,CLA,CLA,2,,,
7/29/19,"LW, RS, MM",D,204,Hort,NA,NA,1,,,
7/29/19,"LW, RS, MM",D,49,Hort,NA,NA,2,,,
7/29/19,"LW, RS, MM",D,129,Hort,NA,NA,1,,,
7/29/19,"LW, RS, MM",D,52,Hort,NA,NA,1,,,
7/29/19,"LW, RS, MM",D,363,Hort,NA,NA,1,,,
7/29/19,"LW, RS, MM",D,24,Hort,NA,NA,3,,,
7/29/19,"LW, RS, MM",D,283,Hort,NA,NA,3,,,
7/29/19,"LW, RS, MM",D,20,Hort,NA,NA,1,,,
7/29/19,"LW, RS, MM",D,130,Hort,NA,NA,3,,,
7/29/19,"LW, RS, MM",D,106,Hort,NA,NA,4,,,
7/29/19,"LW, RS, MM",D,385,Hort,NA,NA,1,,,
7/29/19,"LW, RS, MM",D,17,Hort,NA,NA,3,,,
7/29/19,"LW, RS, MM",E,358,Charlotte,HPLA,HPLA,5,,,
7/29/19,"LW, RS, MM",E,285,Charlotte,HPLA,HPLA,1,,,
7/29/19,"LW, RS, MM",E,193,Charlotte,HPLA,HPLA,4,,,
7/29/19,"LW, RS, MM",E,193,Charlotte,CLA,CLA,4,,,
7/29/19,"LW, RS, MM",E,335,Charlotte,HPLB,HPLB,1,,,
7/29/19,"LW, RS, MM",E,350,Charlotte,CLA,CLA,2,,,
7/29/19,"LW, RS, MM",E,194,Knoll,HPLA,HPLA,2,,,
7/29/19,"LW, RS, MM",E,251,Knoll,CLA,CLA,1,,,
7/29/19,"LW, RS, MM",E,289,Knoll,HPLA,HPLA,1,,,
7/29/19,"LW, RS, MM",E,289,Knoll,CLC,CLC,2,,,
7/29/19,"LW, RS, MM",E,289,Knoll,CLA,CLA,8,,,
7/29/19,"LW, RS, MM",E,289,Knoll,HPLB,HPLB,4,,,
7/29/19,"LW, RS, MM",E,174,Knoll,CLA,CLA,1,,,
7/29/19,"LW, RS, MM",E,356,Knoll,CLA,CLA,1,,,
7/29/19,"LW, RS, MM",E,394,Knoll,HPLA,HPLA,1,,,
7/29/19,"LW, RS, MM",E,128,Isham,HPLA,HPLA,6,,,
7/29/19,"LW, RS, MM",E,128,Isham,HPLB,HPLB,2,,,
7/29/19,"LW, RS, MM",E,128,Isham,CLA,CLA,3,,,
7/29/19,"LW, RS, MM",E,128,Isham,CLB,CLB,2,,,
7/29/19,"LW, RS, MM",E,196,FullBelly,HPLA,HPLA,3,,,
7/29/19,"LW, RS, MM",E,196,FullBelly,CLA,CLA,3,,,
7/29/19,"LW, RS, MM",E,396,Isham,HPLA,HPLA,3,,,
7/29/19,"LW, RS, MM",E,396,Isham,CLA,CLA,1,,,
7/29/19,"LW, RS, MM",E,396,Isham,CLB,CLB,2,,,
7/29/19,"LW, RS, MM",E,348,Isham,CLA,CLA,1,,,
7/29/19,"LW, RS, MM",E,201,Isham,CLA,CLA,1,,,
7/29/19,"LW, RS, MM",E,201,Isham,HPLB,HPLB,1,,,
7/29/19,"LW, RS, MM",E,201,Isham,CLB,CLB,1,,,
7/29/19,"LW, RS, MM",E,201,Isham,CLC,CLC,1,,,
7/29/19,"LW, RS, MM",E,260,FullBelly,HPLA,HPLA,2,,,
7/29/19,"LW, RS, MM",E,331,FullBelly,HLPA,HLPA,2,,,
7/29/19,"LW, RS, MM",E,331,FullBelly,CLA,CLA,4,,,
7/29/19,"LW, RS, MM",E,331,FullBelly,HPLC,HPLC,5,,,
7/29/19,"LW, RS, MM",E,331,FullBelly,CLD,CLD,4,,,
7/29/19,"LW, RS, MM",E,331,FullBelly,HPLD,HPLD,1,,,
7/29/19,"LW, RS, MM",E,331,FullBelly,untagged,untagged,1,,,
7/29/19,"LW, RS, MM",E,134,FullBelly,untagged,untagged,2,,,
7/29/19,"LW, RS, MM",E,334,FullBelly,HPLC,HPLC,2,,,
7/29/19,"LW, RS, MM",E,334,FullBelly,HPLA,HPLA,2,,,
7/29/19,"LW, RS, MM",E,334,FullBelly,CLC,CLC,4,,,
7/29/19,"LW, RS, MM",E,334,FullBelly,CLA,CLA,4,,,
7/29/19,"LW, RS, MM",E,334,FullBelly,CLB,CLB,6,,,
7/29/19,"LW, RS, MM",E,334,FullBelly,HPLB,HPLB,4,,,
7/29/19,"LW, RS, MM",E,216,FullBelly,HPLB,HPLB,4,,,
7/29/19,"LW, RS, MM",E,216,FullBelly,CLC,CLC,2,,,
7/29/19,"LW, RS, MM",E,216,FullBelly,HPLA,HPLA,2,,,
7/29/19,"LW, RS, MM",E,216,FullBelly,CLA,CLA,2,,,
7/29/19,"LW, RS, MM",E,216,FullBelly,CLB,CLB,5,,,
7/29/19,"LW, RS, MM",E,398,Adams,CLA,CLA,1,,,
7/29/19,"LW, RS, MM",E,398,Adams,HPLA,HPLA,2,,,
7/29/19,"LW, RS, MM",E,395,Adams,CLB,CLB,3,,,
7/29/19,"LW, RS, MM",E,395,Adams,HPLC,HPLC,2,,,
7/29/19,"LW, RS, MM",E,395,Adams,HPLA,HPLA,3,,,
7/29/19,"LW, RS, MM",E,395,Adams,CLA,CLA,1,,,
7/29/19,"LW, RS, MM",E,208,Adams,CLA,CLA,5,,,
7/30/19,MM,E,247,Adams,HPLA,HPLA,1,,,
7/30/19,MM,E,215,Adams,CLC,CLC,1,,,
7/30/19,MM,E,215,Adams,HPLD,HPLD,2,,,
7/30/19,MM,E,215,Adams,HPLC,HPLC,1,,,
7/30/19,MM,E,215,Adams,CLD,CLD,5,,,
7/30/19,MM,E,215,Adams,CLA,CLA,3,,,
7/30/19,MM,E,215,Adams,HPLB,HPLB,1,,,
7/30/19,MM,E,215,Adams,HPLA,HPLA,1,,,
7/30/19,MM,E,329,Boutin,CLA,CLA,10,,,
7/30/19,MM,E,329,Boutin,HPLA,HPLA,3,,,
7/30/19,MM,E,137,Boutin,HPLB,HPLB,1,,,
7/30/19,MM,E,137,Boutin,CLA,CLA,2,,,
7/30/19,MM,E,137,Boutin,CLB,CLB,4,,,
7/30/19,MM,E,137,Boutin,HPLA,HPLA,3,,,
7/30/19,MM,E,213,Boutin,CLA,CLA,2,,,
7/31/19,"MM, LW, RS",E,195,Boutin,CLA,CLA,1,,,
7/31/19,"MM, LW, RS",E,161,Boutin,HPLA,HPLA,1,,,
7/31/19,"MM, LW, RS",E,161,Boutin,CLA,CLA,1,,,
7/31/19,"MM, LW, RS",E,215,Adams,CLA,CLA,3,,,
7/31/19,"MM, LW, RS",E,215,Adams,CLB,CLB,1,,,
7/31/19,"MM, LW, RS",E,215,Adams,HPLB,HPLB,1,,,
7/31/19,"MM, LW, RS",E,329,Boutin,CLA,CLA,4,,,
7/31/19,"MM, LW, RS",E,137,Boutin,HPLB,HPLB,2,,,
7/31/19,"MM, LW, RS",E,398,Adams,HPLA,HPLA,3,,,
7/31/19,"MM, LW, RS",E,398,Adams,CLA,CLA,1,,,
7/31/19,"MM, LW, RS",E,337,Adams,untagged,untagged,2,,,
7/31/19,"MM, LW, RS",E,247,Adams,HPLA,HPLA,1,,,
7/31/19,"MM, LW, RS",E,395,Adams,CLB,CLB,2,,,
7/31/19,"MM, LW, RS",E,395,Adams,HPLC,HPLC,4,,,
7/31/19,"MM, LW, RS",E,395,Adams,HPLA,HPLA,6,,,
7/31/19,"MM, LW, RS",E,395,Adams,CLA,CLA,1,,,
7/31/19,"MM, LW, RS",E,395,Adams,CLC,CLC,5,,,
7/31/19,"MM, LW, RS",E,331,FullBelly,CLA,CLA,1,,,
7/31/19,"MM, LW, RS",E,331,FullBelly,HPLA,HPLA,1,,,
7/31/19,"MM, LW, RS",E,331,FullBelly,HPLC,HPLC,4,,,
7/31/19,"MM, LW, RS",E,208,Adams,CLA,CLA,4,,,
7/31/19,"MM, LW, RS",E,201,Isham,HPLB,HPLB,1,,,
7/31/19,"MM, LW, RS",E,201,Isham,CLA,CLA,2,,,
7/31/19,"MM, LW, RS",E,201,Isham,HPLA,HPLA,3,,,
7/31/19,"MM, LW, RS",E,348,Isham,CLA,CLA,1,,,
7/31/19,"MM, LW, RS",E,348,Isham,HPLA,HPLA,2,,,
7/31/19,"MM, LW, RS",E,346,Isham,HPLA,HPLA,1,,,
7/31/19,"MM, LW, RS",E,396,Isham,CLA,CLA,2,,,
7/31/19,"MM, LW, RS",E,396,Isham,HPLB,HPLB,1,,,
7/31/19,"MM, LW, RS",E,334,FullBelly,CLB,CLB,4,,,
7/31/19,"MM, LW, RS",E,334,FullBelly,HPLB,HPLB,6,,,
7/31/19,"MM, LW, RS",E,334,FullBelly,HPLA,HPLA,2,,,
7/31/19,"MM, LW, RS",E,334,FullBelly,HPLC,HPLC,3,,,
7/31/19,"MM, LW, RS",E,334,FullBelly,CLC,CLC,4,,,
7/31/19,"MM, LW, RS",E,196,FullBelly,CLA,CLA,2,,,
7/31/19,"MM, LW, RS",E,196,FullBelly,HPLB,HPLB,1,,,
7/31/19,"MM, LW, RS",E,216,FullBelly,HPLA,HPLA,2,,,
7/31/19,"MM, LW, RS",E,278,Isham,CLB,CLB,1,,,
7/31/19,"MM, LW, RS",E,278,Isham,HPLA,HPLA,2,,,
7/31/19,"MM, LW, RS",E,278,Isham,HPLC,HPLC,1,,,
7/31/19,"MM, LW, RS",E,289,Knoll,HPLC,HPLC,1,,,
7/31/19,"MM, LW, RS",E,303,Isham,HPLA,HPLA,1,,,
7/31/19,"MM, LW, RS",E,128,Isham,HPLA,HPLA,4,,,
7/31/19,"MM, LW, RS",E,128,Isham,CLA,CLA,2,,,
7/31/19,"MM, LW, RS",E,128,Isham,CLB,CLB,1,,,
7/31/19,"MM, LW, RS",E,174,Knoll,HPLB,HPLB,1,,,
7/31/19,"MM, LW, RS",E,350,Charlotte,CLB,CLB,1,,,
7/31/19,"MM, LW, RS",E,350,Charlotte,CLA,CLA,1,,,
7/31/19,"MM, LW, RS",E,356,Knoll,HPLB,HPLB,1,,,
7/31/19,"MM, LW, RS",E,356,Knoll,CLA,CLA,1,,,
7/31/19,"MM, LW, RS",E,194,Knoll,HPLA,HPLA,3,,,
7/31/19,"MM, LW, RS",E,305,Knoll,untagged,untagged,4,,,
7/31/19,"MM, LW, RS",E,251,Knoll,HPLA,HPLA,2,,,
7/31/19,"MM, LW, RS",E,251,Knoll,HPLB,HPLB,1,,,
7/31/19,"MM, LW, RS",E,394,Knoll,HPLA,HPLA,1,,,
7/31/19,"MM, LW, RS",E,254,Knoll,HPLB,HPLB,4,,,
7/31/19,"MM, LW, RS",E,254,Knoll,HPLA,HPLA,3,,,
7/31/19,"MM, LW, RS",E,254,Knoll,CLA,CLA,1,,,
7/31/19,"MM, LW, RS",E,246,Charlotte,CLA,CLA,1,,,
7/31/19,"MM, LW, RS",E,193,Charlotte,CLA,CLA,2,,,
7/31/19,"MM, LW, RS",E,232,Boutin,HPLA,HPLA,1,,,
7/31/19,"MM, LW, RS",E,358,Charlotte,HPLA,HPLA,2,,,
7/31/19,"MM, LW, RS",D,17,Hort,NA,NA,4,,,
7/31/19,"MM, LW, RS",D,111,Hort,NA,NA,1,,,
7/31/19,"MM, LW, RS",D,94,Hort,NA,NA,3,,,
7/31/19,"MM, LW, RS",D,130,Hort,NA,NA,6,,,
7/31/19,"MM, LW, RS",D,283,Hort,NA,NA,1,,,
7/31/19,"MM, LW, RS",D,24,Hort,NA,NA,14,,,
7/31/19,"MM, LW, RS",D,6,Hort,NA,NA,6,,,
7/31/19,"MM, LW, RS",D,363,Hort,NA,NA,9,,,
7/31/19,"MM, LW, RS",D,365,Hort,NA,NA,8,,,
7/31/19,"MM, LW, RS",D,52,Hort,NA,NA,1,,,
7/31/19,"MM, LW, RS",D,204,Hort,NA,NA,2,,,
7/31/19,"MM, LW, RS",D,129,Hort,NA,NA,2,,,
7/31/19,"MM, LW, RS",C,96,Boutin,CLA,CLA,1,,,
7/31/19,"MM, LW, RS",C,99,Adams,CLA,CLA,1,,,
7/31/19,"MM, LW, RS",C,99,Adams,HPLA,HPLA,1,,,
7/31/19,"MM, LW, RS",C,98,Charlotte,CLB,CLB,2,,,
7/31/19,"MM, LW, RS",C,98,Charlotte,HPLA,HPLA,2,,,
7/31/19,"MM, LW, RS",C,322,FullBelly,HPLLA,HPLLA,5,,,
7/31/19,"MM, LW, RS",C,322,FullBelly,CLA,CLA,1,,,
7/31/19,"MM, LW, RS",C,3,Isham,HPLA,HPLA,3,,,
7/31/19,"MM, LW, RS",C,40,Isham,HPLB,HPLB,1,,,
7/31/19,"MM, LW, RS",C,151,Isham,HPLA,HPLA,2,,,
7/31/19,"MM, LW, RS",C,26,Knoll,HPLA,HPLA,1,,,
7/31/19,"MM, LW, RS",C,9,Charlotte,CLB,CLB,1,,,
7/31/19,"MM, LW, RS",C,9,Charlotte,HPLA,HPLA,2,,,
7/31/19,"MM, LW, RS",C,9,Charlotte,CLA,CLA,2,,,
7/31/19,"MM, LW, RS",C,151,Isham,CLB,CLB,3,,,
7/31/19,"MM, LW, RS",B,199,Hort,NA,NA,4,,,
7/31/19,"MM, LW, RS",A,73,Charlotte,HPLA,HPLA,1,,,
7/31/19,"MM, LW, RS",A,60,Charlotte,HPLA,HPLA,4,,,
7/31/19,"MM, LW, RS",A,64,Charlotte,HPLLB,HPLLB,1,,,
7/31/19,"MM, LW, RS",A,64,Charlotte,CLB,CLB,1,,,
7/31/19,"MM, LW, RS",A,218,Charlotte,CLA,CLA,1,,,
7/31/19,"MM, LW, RS",A,230,Knoll ,HPLB,HPLB,6,,,
7/31/19,"MM, LW, RS",A,230,Knoll ,CLB,CLB,1,,,
7/31/19,"MM, LW, RS",A,230,Knoll ,CLA,CLA,2,,,
7/31/19,"MM, LW, RS",A,148,Knoll ,CLA,CLA,1,,,
7/31/19,"MM, LW, RS",A,81,Knoll ,CLA,CLA,1,,,
7/31/19,"MM, LW, RS",A,231,Isham,CLA,CLA,1,,,
7/31/19,"MM, LW, RS",A,298,Isham,CLB,CLB,2,,,
7/31/19,"MM, LW, RS",A,298,Isham,HPLA,HPLA,5,,,
7/31/19,"MM, LW, RS",A,298,Isham,HPLB,HPLB,1,,,
7/31/19,"MM, LW, RS",A,85,Isham,CLB,CLB,1,,,
7/31/19,"MM, LW, RS",A,299,FullBelly,CLC,CLC,7,,,
7/31/19,"MM, LW, RS",A,299,FullBelly,CLB,CLB,1,,,
7/31/19,"MM, LW, RS",A,170,Adams,untagged,untagged,2,,,
7/31/19,"MM, LW, RS",A,146,FullBelly,HPLB,HPLB,1,,,
7/31/19,"MM, LW, RS",A,146,FullBelly,CLA,CLA,1,,,
7/31/19,"MM, LW, RS",A,146,FullBelly,CLB,CLB,4,,,
7/31/19,"MM, LW, RS",A,118,Adams,untagged,untagged,2,,,
7/31/19,"MM, LW, RS",A,105,Adams,HPLA,HPLA,5,,,
7/31/19,"MM, LW, RS",A,105,Adams,HPLB,HPLB,1,,,
7/31/19,"MM, LW, RS",A,105,Adams,CLA,CLA,3,,,
7/31/19,"MM, LW, RS",A,228,Adams,CLA,CLA,1,,,
7/31/19,"MM, LW, RS",A,228,Adams,HPLA,HPLA,1,,,
7/31/19,"MM, LW, RS",A,232,Boutin,untagged,untagged,2,,,
8/2/19,"LW, RS",E,328,Adams,untagged,untagged,1,,,
8/2/19,"LW, RS",E,334,FullBelly,CLA,CLA,5,,,
8/2/19,"LW, RS",E,334,FullBelly,HPLA,HPLA,5,,,
8/2/19,"LW, RS",E,334,FullBelly,CLC,CLC,2,,,
8/2/19,"LW, RS",E,334,FullBelly,CLB,CLB,3,,,
8/2/19,"LW, RS",E,334,FullBelly,HPLB,HPLB,3,,,
8/2/19,"LW, RS",E,334,FullBelly,HPLC,HPLC,2,,,
8/2/19,"LW, RS",E,193,Charlotte,HPLA,HPLA,1,,,
8/2/19,"LW, RS",E,215,Adams,HPLA,HPLA,1,,,
8/2/19,"LW, RS",E,215,Adams,CLA,CLA,1,,,
8/2/19,"LW, RS",E,215,Adams,CLD,CLD,1,,,
8/2/19,"LW, RS",E,289,Knoll ,HPLB,HPLB,1,,,
8/2/19,"LW, RS",E,289,Knoll ,CLA,CLA,2,,,
8/2/19,"LW, RS",E,214,Charlotte,HPLA,HPLA,1,,,
8/2/19,"LW, RS",E,216,FullBelly,HPLB,HPLB,1,,,
8/2/19,"LW, RS",E,356,Knoll ,CLA,CLA,1,,,
8/2/19,"LW, RS",E,122,Knoll ,CLB,CLB,1,,,
8/2/19,"LW, RS",E,174,Knoll ,CLB,CLB,2,,,
8/2/19,"LW, RS",E,289,Knoll ,HPLA,HPLA,2,,,
8/2/19,"LW, RS",E,338,Adams,HPLA,HPLA,1,,,
8/2/19,"LW, RS",E,398,Adams,CLA,CLA,1,,,
8/2/19,"LW, RS",E,398,Adams,HPLA,HPLA,1,,,
8/2/19,"LW, RS",E,329,Boutin,HPLA,HPLA,2,,,
8/2/19,"LW, RS",E,195,Boutin,HPLA,HPLA,3,,,
8/2/19,"LW, RS",E,161,Boutin,CLA,CLA,1,,,
8/2/19,"LW, RS",E,134,FullBelly,untagged,untagged,1,,,
8/2/19,"LW, RS",E,331,FullBelly,HPLA,HPLA,2,,,
8/2/19,"LW, RS",E,331,FullBelly,CLC,CLC,2,,,
8/2/19,"LW, RS",E,254,Knoll ,HPLA,HPLA,,,,
8/2/19,"LW, RS",E,254,Knoll ,HPLB,HPLB,2,,,
8/2/19,"LW, RS",E,260,FullBelly,HPLB,HPLB,1,,,
8/2/19,"LW, RS",E,278,Isham,HPLA,HPLA,1,,,
8/2/19,"LW, RS",E,201,Isham,CLC,CLC,1,,,
8/2/19,"LW, RS",E,201,Isham,CLA,CLA,3,,,
8/2/19,"LW, RS",E,195,Boutin,CLB,CLB,1,,,
8/2/19,"LW, RS",E,137,Boutin,CLA,CLA,3,,,
8/2/19,"LW, RS",E,137,Boutin,CLB,CLB,1,,,
8/2/19,"LW, RS",E,303,Isham,CLA,CLA,1,,,
8/2/19,"LW, RS",E,251,Knoll ,HPLA,HPLA,3,,,
8/2/19,"LW, RS",E,251,Knoll ,CLB,CLB,1,,,
8/2/19,"LW, RS",E,395,Adams,CLB,CLB,1,,,
8/2/19,"LW, RS",E,395,Adams,HPLA,HPLA,2,,,
8/2/19,"LW, RS",E,395,Adams,HPLC,HPLC,3,,,
8/2/19,"LW, RS",E,395,Adams,CLC,CLC,1,,,
8/2/19,"LW, RS",E,128,Isham,HPLB,HPLB,1,,,
8/2/19,"LW, RS",E,128,Isham,CLA,CLA,5,,,
8/2/19,"LW, RS",E,128,Isham,untagged,untagged,1,,,
8/2/19,"LW, RS",E,290,Isham,HPLA,HPLA,1,,,
8/2/19,"LW, RS",D,17,Hort,N/A,N/A,2,,,
8/2/19,"LW, RS",D,5,Hort,N/A,N/A,7,,,
8/2/19,"LW, RS",D,113,Hort,N/A,N/A,1,,,
8/2/19,"LW, RS",D,130,Hort,N/A,N/A,1,,,
8/2/19,"LW, RS",D,52,Hort,N/A,N/A,3,,,
8/2/19,"LW, RS",D,318,Hort,N/A,N/A,1,,,
8/2/19,"LW, RS",C,28,Charlotte,HPLA,HPLA,1,,,
8/2/19,"LW, RS",C,9,Charlotte,CLA,CLA,3,,,
8/2/19,"LW, RS",C,45,Adams,CLA,CLA,1,,,
8/2/19,"LW, RS",C,45,Adams,CLB,CLB,1,,,
8/2/19,"LW, RS",A,230,Knoll,CLA,CLA,5,,,
8/2/19,"LW, RS",A,230,Knoll,HPLA,HPLA,1,,,
8/2/19,"LW, RS",A,230,Knoll,HPLB,HPLB,2,,,
8/2/19,"LW, RS",A,230,Knoll,CLB,CLB,1,,,
8/2/19,"LW, RS",A,230,Knoll,HPLC,HPLC,1,,,
8/2/19,"LW, RS",A,64,Charlotte,HPLA,HPLA,1,,,
8/2/19,"LW, RS",A,64,Charlotte,HPLB,HPLB,4,,,
8/2/19,"LW, RS",A,64,Charlotte,CLB,CLB,1,,,
8/2/19,"LW, RS",A,228,Adams,HPLA,HPLA,3,,,
8/2/19,"LW, RS",A,299,FullBelly,CLC,CLC,3,,,
8/2/19,"LW, RS",A,299,FullBelly,HPLB,HPLB,2,,,
8/2/19,"LW, RS",A,105,Adams,HPLB,HPLB,1,,,
8/2/19,"LW, RS",A,105,Adams,HPLA,HPLA,2,,,
8/2/19,"LW, RS",A,148,Knoll,CLB,CLB,1,,,
8/2/19,"LW, RS",A,148,Knoll,CLA,CLA,1,,,
8/2/19,"LW, RS",A,60,Charlotte,HPLA,HPLA,2,,,
8/2/19,"LW, RS",A,351,Charlotte,CLA,CLA,1,,,
8/2/19,"LW, RS",A,298,Isham,CLA,CLA,1,,,
8/2/19,"LW, RS",A,85,Isham,HPLB,HPLB,1,,,
8/5/19,"RS, MM, AM",A,44,FullBelly,Untagged,Untagged,1,,,
8/5/19,"RS, MM, AM",A,64,Charlotte,CLB,CLB,3,,,
8/5/19,"RS, MM, AM",A,72,Boutin,CLA,CLA,1,,,
8/5/19,"RS, MM, AM",A,73,Charlotte,CLA,CLA,1,,,
8/5/19,"RS, MM, AM",A,73,Charlotte,HPLA,HPLA,2,,,
8/5/19,"RS, MM, AM",A,73,Charlotte,HPLB,HPLB,1,,,
8/5/19,"RS, MM, AM",A,81,Knoll,CLA,CLA,1,,,
8/5/19,"RS, MM, AM",A,85,Isham,HPLC,HPLC,1,,,
8/5/19,"RS, MM, AM",A,109,Adams,HPLA,HPLA,1,,,
8/5/19,"RS, MM, AM",A,109,Adams,CLA,CLA,2,,,
8/5/19,"RS, MM, AM",A,105,Adams,HPLA,HPLA,5,,,
8/5/19,"RS, MM, AM",A,105,Adams,CLB,CLB,2,,,
8/5/19,"RS, MM, AM",A,105,Adams,HPLB,HPLB,1,,,
8/5/19,"RS, MM, AM",A,105,Adams,CLA,CLA,2,,,
8/5/19,"RS, MM, AM",A,118,Adams,HPLA,HPLA,4,,,
8/5/19,"RS, MM, AM",A,142,Isham,HPLA,HPLA,4,,,
8/5/19,"RS, MM, AM",A,144,Knoll,CLA,CLA,2,,,
8/5/19,"RS, MM, AM",A,146,FullBelly,CLB,CLB,2,,,
8/5/19,"RS, MM, AM",A,146,FullBelly,HPLA ,HPLA ,2,,,
8/5/19,"RS, MM, AM",A,146,FullBelly,CLA,CLA,1,,,
8/5/19,"RS, MM, AM",A,148,Knoll,HPLA,HPLA,1,,,
8/5/19,"RS, MM, AM",A,148,Knoll,HPLB,HPLB,1,,,
8/5/19,"RS, MM, AM",A,148,Knoll,CLB,CLB,1,,,
8/5/19,"RS, MM, AM",A,170,Adams,Untagged,Untagged,1,,,
8/5/19,"RS, MM, AM",A,228,Adams,CLA,CLA,2,,,
8/5/19,"RS, MM, AM",A,230,Knoll,HPLA,HPLA,1,,,
8/5/19,"RS, MM, AM",A,230,Knoll,CLB,CLB,4,,,
8/5/19,"RS, MM, AM",A,230,Knoll,HPLB ,HPLB ,8,,,
8/5/19,"RS, MM, AM",A,230,Knoll,CLA,CLA,5,,,
8/5/19,"RS, MM, AM",A,230,Knoll,HPLC,HPLC,2,,,
8/5/19,"RS, MM, AM",A,240,FullBelly,CLA,CLA,1,,,
8/5/19,"RS, MM, AM",A,298,Isham,CLA,CLA,3,,,
8/5/19,"RS, MM, AM",A,299,FullBelly,CLB,CLB,3,,,
8/5/19,"RS, MM, AM",A,299,FullBelly,CLC ,CLC ,8,,,
8/5/19,"RS, MM, AM",C,9,Charlotte,HPLA,HPLA,1,,,
8/5/19,"RS, MM, AM",C,9,Charlotte,HPLC,HPLC,4,,,
8/5/19,"RS, MM, AM",C,9,Charlotte,CLB,CLB,3,,,
8/5/19,"RS, MM, AM",C,9,Charlotte,CLA,CLA,4,,,
8/5/19,"RS, MM, AM",C,9,Charlotte,HPLB,HPLB,1,,,
8/5/19,"RS, MM, AM",C,9,Charlotte,CLC,CLC,1,,,
8/5/19,"RS, MM, AM",C,26,Knoll,HPLA,HPLA,1,,,
8/5/19,"RS, MM, AM",C,28,Charlotte,HPLA,HPLA,1,,,
8/5/19,"RS, MM, AM",C,40,Isham,HPLA,HPLA,1,,,
8/5/19,"RS, MM, AM",C,45,Adams,CLA,CLA,2,,,
8/5/19,"RS, MM, AM",C,46,Charlotte,HPLB,HPLB,2,,,
8/5/19,"RS, MM, AM",C,99,Adams,HPLA,HPLA,5,,,
8/5/19,"RS, MM, AM",C,222,Charlotte,CLA,CLA,3,,,
8/5/19,"RS, MM, AM",C,368,Knoll,HPLB,HPLB,6,,,
8/5/19,"RS, MM, AM",C,372,Adams,Untagged,Untagged,2,,,
8/5/19,"RS, MM, AM",B,199,Hort,Untagged,Untagged,1,,,
8/5/19,"RS, MM, AM",D,363,Hort,Untagged,Untagged,9,,,
8/5/19,"RS, MM, AM",D,94,Hort,Untagged,Untagged,2,,,
8/5/19,"RS, MM, AM",D,24,Hort,Untagged,Untagged,2,,,
8/5/19,"RS, MM, AM",D,79,Hort,Untagged,Untagged,4,,,
8/5/19,"RS, MM, AM",D,20,Hort,Untagged,Untagged,1,,,
8/5/19,"RS, MM, AM",D,129,Hort,Untagged,Untagged,3,,,
8/5/19,"RS, MM, AM",D,17,Hort,Untagged,Untagged,3,,,
8/5/19,"RS, MM, AM",D,283,Hort,Untagged,Untagged,1,,,
8/5/19,"RS, MM, AM",D,52,Hort,Untagged,Untagged,2,,,
8/5/19,"RS, MM, AM",D,130,Hort,Untagged,Untagged,4,,,
8/5/19,"RS, MM, AM",E,395,Adams,HPLC,HPLC,6,,,
8/5/19,"RS, MM, AM",E,334,FullBelly,CLA,CLA,5,,,
8/5/19,"RS, MM, AM",E,334,FullBelly,HPLB,HPLB,1,,,
8/5/19,"RS, MM, AM",E,201,Isham,CLA,CLA,2,,,
8/5/19,"RS, MM, AM",E,201,Isham,Untagged,Untagged,1,,,
8/5/19,"RS, MM, AM",E,201,Isham,CLC,CLC,2,,,
8/5/19,"RS, MM, AM",E,201,Isham,HPLA,HPLA,6,,,
8/5/19,"RS, MM, AM",E,201,Isham,CLB,CLB,2,,,
8/5/19,"RS, MM, AM",E,201,Isham,CLD,CLD,1,,,
8/5/19,"RS, MM, AM",E,328,Adams,CLA,CLA,1,,,
8/5/19,"RS, MM, AM",E,328,Adams,HPLA,HPLA,1,,,
8/5/19,"RS, MM, AM",E,328,Adams,Untagged,Untagged,1,,,
8/5/19,"RS, MM, AM",E,254,Knoll,HPLB,HPLB,2,,,
8/5/19,"RS, MM, AM",E,254,Knoll,HPLA,HPLA,1,,,
8/5/19,"RS, MM, AM",E,254,Knoll,CLA,CLA,2,,,
8/5/19,"RS, MM, AM",E,254,Knoll,HPLB ,HPLB ,6,,,
8/5/19,"RS, MM, AM",E,331,FullBelly,HPLD,HPLD,1,,,
8/5/19,"RS, MM, AM",E,331,FullBelly,CLB,CLB,2,,,
8/5/19,"RS, MM, AM",E,247,Adams,HPLA,HPLA,1,,,
8/5/19,"RS, MM, AM",E,196,FullBelly,CLA,CLA,2,,,
8/5/19,"RS, MM, AM",E,196,FullBelly,HPLA,HPLA,1,,,
8/5/19,"RS, MM, AM",E,289,Knoll,HPLB,HPLB,2,,,
8/5/19,"RS, MM, AM",E,289,Knoll,CLA,CLA,3,,,
8/5/19,"RS, MM, AM",E,289,Knoll,HPLB,HPLB,1,,,
8/5/19,"RS, MM, AM",E,215,Adams,HPLD,HPLD,2,,,
8/5/19,"RS, MM, AM",E,215,Adams,Untagged,Untagged,1,,,
8/5/19,"RS, MM, AM",E,215,Adams,CLD,CLD,7,,,
8/5/19,"RS, MM, AM",E,215,Adams,CLA,CLA,3,,,
8/5/19,"RS, MM, AM",E,215,Adams,CLC,CLC,2,,,
8/5/19,"RS, MM, AM",E,346,Isham,HPLA,HPLA,2,,,
8/5/19,"RS, MM, AM",E,290,Isham,HPLA,HPLA,2,,,
8/5/19,"RS, MM, AM",E,195,Boutin,HPLA,HPLA,1,,,
8/5/19,"RS, MM, AM",E,195,Boutin,CLB,CLB,3,,,
8/5/19,"RS, MM, AM",E,195,Boutin,HPLB,HPLB,2,,,
8/5/19,"RS, MM, AM",E,195,Boutin,CLA,CLA,10,,,
8/5/19,"RS, MM, AM",E,137,Boutin,HPLA,HPLA,2,,,
8/5/19,"RS, MM, AM",E,331,FullBelly,HPLC,HPLC,6,,,
8/5/19,"RS, MM, AM",E,331,FullBelly,CLC,CLC,2,,,
8/5/19,"RS, MM, AM",E,278,Isham,HPLB,HPLB,2,,,
8/5/19,"RS, MM, AM",E,278,Isham,HPLC,HPLC,2,,,
8/5/19,"RS, MM, AM",E,348,Isham,Untagged,Untagged,1,,,
8/5/19,"RS, MM, AM",E,122,Knoll,CLC,CLC,1,,,
8/5/19,"RS, MM, AM",E,122,Knoll,HPLA,HPLA,1,,,
8/5/19,"RS, MM, AM",E,122,Knoll,CLB,CLB,1,,,
8/5/19,"RS, MM, AM",E,128,Isham,HPLA,HPLA,3,,,
8/5/19,"RS, MM, AM",E,128,Isham,CLB ,CLB ,1,,,
8/5/19,"RS, MM, AM",E,128,Isham,CLA,CLA,6,,,
8/5/19,"RS, MM, AM",E,128,Isham,HPLB,HPLB,1,,,
8/5/19,"RS, MM, AM",E,128,Isham,Untagged,Untagged,3,,,
8/5/19,"RS, MM, AM",E,193,Charlotte,HPLA,HPLA,1,,,
8/5/19,"RS, MM, AM",E,194,Knoll,CLA,CLA,1,,,
8/5/19,"RS, MM, AM",E,216,FullBelly,CLB,CLB,1,,,
8/5/19,"RS, MM, AM",E,216,FullBelly,CLA,CLA,2,,,
8/5/19,"RS, MM, AM",E,251,Knoll,CLB,CLB,1,,,
8/5/19,"RS, MM, AM",E,251,Knoll,HPLA,HPLA,2,,,
8/5/19,"RS, MM, AM",E,290,Isham,CLA,CLA,3,,,
8/5/19,"RS, MM, AM",E,290,Isham,HPLB,HPLB,2,,,
8/5/19,"RS, MM, AM",E,303,Isham,HPLA,HPLA,1,,,
8/5/19,"RS, MM, AM",E,334,FullBelly,HPLA,HPLA,6,,,
8/5/19,"RS, MM, AM",E,334,FullBelly,HPLC,HPLC,2,,,
8/5/19,"RS, MM, AM",E,334,FullBelly,CLC,CLC,6,,,
8/5/19,"RS, MM, AM",E,334,FullBelly,CLB,CLB,3,,,
8/5/19,"RS, MM, AM",E,329,Boutin,CLA,CLA,2,,,
8/5/19,"RS, MM, AM",E,331,FullBelly,HPLA,HPLA,1,,,
8/5/19,"RS, MM, AM",E,331,FullBelly,CLD,CLD,1,,,
8/5/19,"RS, MM, AM",E,350,Charlotte,CLB,CLB,1,,,
8/5/19,"RS, MM, AM",E,380,Boutin,Untagged,Untagged,2,,,
8/5/19,"RS, MM, AM",E,395,Adams,CLA,CLA,3,,,
8/5/19,"RS, MM, AM",E,395,Adams,CLB,CLB,6,,,
8/5/19,"RS, MM, AM",E,346,Isham,CLB,CLB,1,,,
8/5/19,"RS, MM, AM",E,347,FullBelly,CLA,CLA,1,,,
8/5/19,"RS, MM, AM",E,396,Isham,CLA,CLA,7,,,
8/6/19,"MM, EEO, RS",A,299,FullBelly,CLC,CLC,2,,,
8/6/19,"MM, EEO, RS",A,142,Isham,CLC,CLC,1,,,
8/6/19,"MM, EEO, RS",A,73,Charlotte,HPLA,HPLA,2,,,
8/6/19,"MM, EEO, RS",A,73,Charlotte,HPLB,HPLB,2,,,
8/6/19,"MM, EEO, RS",A,73,Charlotte,CLA,CLA,1,,,
8/6/19,"MM, EEO, RS",A,105,Adams,CLA,CLA,3,,,
8/6/19,"MM, EEO, RS",A,230,Knoll,HPLB,HPLB,2,,,
8/6/19,"MM, EEO, RS",A,230,Knoll,CLB,CLB,1,,,
8/6/19,"MM, EEO, RS",A,230,Knoll,CLA,CLA,1,,,
8/6/19,"MM, EEO, RS",A,118,Adams,untagged,untagged,1,,,
8/6/19,"MM, EEO, RS",A,118,Adams,CLA,CLA,1,,,
8/6/19,"MM, EEO, RS",A,298,Isham,CLA,CLA,2,,,
8/6/19,"MM, EEO, RS",A,148,Knoll,CLA,CLA,3,,,
8/6/19,"MM, EEO, RS",A,85,Isham,HPLC,HPLC,1,,,
8/6/19,"MM, EEO, RS",C,9,Charlotte,CLA,CLA,2,,,
8/6/19,"MM, EEO, RS",C,9,Charlotte,HPLB,HPLB,1,,,
8/6/19,"MM, EEO, RS",C,26,Knoll,HPLA,HPLA,1,,,
8/6/19,"MM, EEO, RS",C,368,Knoll,HPLB,HPLB,3,,,
8/6/19,"MM, EEO, RS",C,45,Adams,HPLB,HPLB,1,,,
8/6/19,"MM, EEO, RS",C,3,Isham,HPLA,HPLA,2,,,
8/6/19,"MM, EEO, RS",D,6,Hort,NA,NA,1,,,
8/6/19,"MM, EEO, RS",D,283,Hort,NA,NA,3,,,
8/6/19,"MM, EEO, RS",D,204,Hort,NA,NA,1,,,
8/6/19,"MM, EEO, RS",D,202,Hort,NA,NA,2,,,
8/6/19,"MM, EEO, RS",D,54,Hort,NA,NA,5,,,
8/6/19,"MM, EEO, RS",D,56,Hort,NA,NA,3,,,
8/6/19,"MM, EEO, RS",D,365,Hort,NA,NA,2,,,
8/6/19,"MM, EEO, RS",D,130,Hort,NA,NA,1,,,
8/6/19,"MM, EEO, RS",D,24,Hort,NA,NA,10,,,
8/6/19,"MM, EEO, RS",E,328,Adams,Untagged,Untagged,1,,,
8/6/19,"MM, EEO, RS",E,328,Adams,CLA,CLA,1,,,
8/6/19,"MM, EEO, RS",E,395,Adams,CLLB,CLLB,2,,,
8/6/19,"MM, EEO, RS",E,395,Adams,HPLC,HPLC,1,,,
8/6/19,"MM, EEO, RS",E,195,Boutin,HPLB,HPLB,2,,,
8/6/19,"MM, EEO, RS",E,195,Boutin,CLA,CLA,4,,,
8/6/19,"MM, EEO, RS",E,215,Adams,CLA,CLA,3,,,
8/6/19,"MM, EEO, RS",E,290,Isham,HPLB,HPLB,2,,,
8/6/19,"MM, EEO, RS",E,213,Boutin,CLA,CLA,2,,,
8/6/19,"MM, EEO, RS",E,213,Boutin,HPLA,HPLA,2,,,
8/6/19,"MM, EEO, RS",E,347,FullBelly,HPLA,HPLA,3,,,
8/6/19,"MM, EEO, RS",E,347,FullBelly,Untagged,Untagged,1,,,
8/6/19,"MM, EEO, RS",E,347,FullBelly,HPLA,HPLA,1,,,
8/6/19,"MM, EEO, RS",E,201,Isham,HPLA,HPLA,2,,,
8/6/19,"MM, EEO, RS",E,201,Isham,CLA,CLA,1,,,
8/6/19,"MM, EEO, RS",E,334,FullBelly,CLC,CLC,3,,,
8/6/19,"MM, EEO, RS",E,334,FullBelly,CLB,CLB,2,,,
8/6/19,"MM, EEO, RS",E,334,FullBelly,HPLA,HPLA,1,,,
8/6/19,"MM, EEO, RS",E,334,FullBelly,CLA,CLA,2,,,
8/6/19,"MM, EEO, RS",E,334,FullBelly,HPLC,HPLC,5,,,
8/6/19,"MM, EEO, RS",E,346,Isham,HPLA,HPLA,2,,,
8/6/19,"MM, EEO, RS",E,331,FullBelly,CLD,CLD,2,,,
8/6/19,"MM, EEO, RS",E,331,FullBelly,CLA,CLA,2,,,
8/6/19,"MM, EEO, RS",E,331,FullBelly,CLC,CLC,4,,,
8/6/19,"MM, EEO, RS",E,331,FullBelly,HPLA,HPLA,1,,,
8/6/19,"MM, EEO, RS",E,260,FullBelly,HPLA,HPLA,1,,,
8/6/19,"MM, EEO, RS",E,356,Knoll,CLA,CLA,1,,,
8/6/19,"MM, EEO, RS",E,358,Charlotte,HPLA,HPLA,1,,,
8/6/19,"MM, EEO, RS",E,251,Knoll,HPLB,HPLB,2,,,
8/6/19,"MM, EEO, RS",E,251,Knoll,HPLA,HPLA,2,,,
8/6/19,"MM, EEO, RS",E,134,FullBelly,Untagged,Untagged,1,,,
8/6/19,"MM, EEO, RS",E,134,FullBelly,CLA,CLA,4,,,
8/6/19,"MM, EEO, RS",E,134,FullBelly,HPLA,HPLA,9,,,
8/6/19,"MM, EEO, RS",E,289,Knoll,HPLC,HPLC,1,,,
8/6/19,"MM, EEO, RS",E,289,Knoll,HPLB,HPLB,1,,,
8/6/19,"MM, EEO, RS",E,289,Knoll,HPLA,HPLA,1,,,
8/6/19,"MM, EEO, RS",E,329,Boutin,HPLA,HPLA,1,,,
8/6/19,"MM, EEO, RS",E,128,Isham,CLA,CLA,3,,,
8/6/19,"MM, EEO, RS",E,128,Isham,CLB,CLB,2,,,
8/6/19,"MM, EEO, RS",E,128,Isham,HPLA,HPLA,1,,,
8/6/19,"MM, EEO, RS",E,214,Charlotte,HPLA,HPLA,2,,,
8/6/19,"MM, EEO, RS",E,350,Charlotte,CLB,CLB,1,,,
8/6/19,"MM, EEO, RS",E,335,Charlotte,HPLB,HPLB,2,,,
8/12/19,"MM, RS",D,24,Hort,N/A,N/A,1,,,
8/12/19,"MM, RS",D,129,Hort,N/A,N/A,1,,,
8/12/19,"MM, RS",D,363,Hort,N/A,N/A,1,,,
8/12/19,"MM, RS",E,207,Charlotte,CLA,CLA,1,,,
8/12/19,"MM, RS",E,350,Charlotte,CLA,CLA,1,,,
8/12/19,"MM, RS",E,350,Charlotte,CLB,CLB,2,,,
8/12/19,"MM, RS",E,254,Knoll,HPLB,HPLB,1,,,
8/12/19,"MM, RS",E,254,Knoll,CLA,CLA,2,,,
8/12/19,"MM, RS",E,254,Knoll,HPLA,HPLA,1,,,
8/12/19,"MM, RS",E,201,Isham,HPLC,HPLC,5,,,
8/12/19,"MM, RS",E,201,Isham,CLB,CLB,3,,,
8/12/19,"MM, RS",E,257,Knoll,HPLB,HPLB,1,,,
8/12/19,"MM, RS",E,257,Knoll,CLB,CLB,1,,,
8/12/19,"MM, RS",E,394,Knoll,HPLA,HPLA,1,,,
8/12/19,"MM, RS",E,278,Isham,HPLA,HPLA,1,,,
8/12/19,"MM, RS",E,278,Isham,CLA,CLA,1,,,
8/12/19,"MM, RS",E,278,Isham,HPLB,HPLB,1,,,
8/12/19,"MM, RS",E,278,Isham,CLB,CLB,3,,,
8/12/19,"MM, RS",E,346,Isham,HPLA,HPLA,2,,,
8/12/19,"MM, RS",E,161,Boutin,CLA,CLA,1,,,
8/12/19,"MM, RS",E,334,FullBelly,CLB,CLB,2,,,
8/12/19,"MM, RS",E,334,FullBelly,CLC,CLC,2,,,
8/12/19,"MM, RS",E,334,FullBelly,HPLC,HPLC,4,,,
8/12/19,"MM, RS",E,334,FullBelly,HPLA,HPLA,3,,,
8/12/19,"MM, RS",E,334,FullBelly,CLA,CLA,5,,,
8/12/19,"MM, RS",E,338,Adams,HPLA,HPLA,1,,,
8/12/19,"MM, RS",E,122,Knoll,CLA,CLA,1,,,
8/12/19,"MM, RS",E,122,Knoll,CLC,CLC,1,,,
8/12/19,"MM, RS",E,122,Knoll,HPLA,HPLA,1,,,
8/12/19,"MM, RS",E,215,Adams,HPLD,HPLD,1,,,
8/12/19,"MM, RS",E,215,Adams,HPLC,HPLC,1,,,
8/12/19,"MM, RS",E,215,Adams,HPLB,HPLB,2,,,
8/12/19,"MM, RS",E,215,Adams,Untagged,Untagged,2,,,
8/12/19,"MM, RS",E,290,Isham,CLB,CLB,1,,,
8/12/19,"MM, RS",E,137,Boutin,HPLB,HPLB,1,,,
8/12/19,"MM, RS",E,397,Boutin,Untagged,Untagged,4,,,
8/12/19,"MM, RS",E,303,Isham,HPLA,HPLA,2,,,
8/12/19,"MM, RS",E,134,FullBelly,HPLA,HPLA,3,,,
8/12/19,"MM, RS",E,195,Boutin,CLB,CLB,3,,,
8/12/19,"MM, RS",E,195,Boutin,HPLB,HPLB,2,,,
8/12/19,"MM, RS",E,195,Boutin,CLA,CLA,5,,,
8/12/19,"MM, RS",E,330,Isham,HPLA,HPLA,1,,,
8/12/19,"MM, RS",E,331,FullBelly,HPLA,HPLA,1,,,
8/12/19,"MM, RS",E,331,FullBelly,CLC,CLC,4,,,
8/12/19,"MM, RS",E,128,Isham,CLA,CLA,2,,,
8/12/19,"MM, RS",E,289,Knoll,CLA,CLA,1,,,
8/12/19,"MM, RS",A,105,Adams,CLA,CLA,2,,,
8/12/19,"MM, RS",A,299,FullBelly,CLC,CLC,1,,,
8/12/19,"MM, RS",A,230,Knoll,CLA,CLA,1,,,
8/12/19,"MM, RS",A,85,Isham,HPLA,HPLA,1,,,
8/12/19,"MM, RS",A,146,FullBelly,CLA,CLA,1,,,
8/12/19,"MM, RS",C,40,Isham,CLA,CLA,1,,,
8/12/19,"MM, RS",C,99,Adams,CLA,CLA,1,,,
8/12/19,"MM, RS",C,23,Charlotte,HPLA,HPLA,1,,,
8/12/19,"MM, RS",C,9,Charlotte,HPLA,HPLA,1,,,
8/14/19,"MM, RS",A,228,Adams,HPLA,HPLA,1,,,
8/14/19,"MM, RS",C,45,Adams,HPLA,HPLA,3,,,
8/14/19,"MM, RS",C,45,Adams,CLB,CLB,1,,,
8/14/19,"MM, RS",C,9,Charlotte,CLA,CLA,1,,,
8/14/19,"MM, RS",C,9,Charlotte,HPLB,HPLB,1,,,
8/14/19,"MM, RS",C,9,Charlotte,HPLA,HPLA,1,,,
8/14/19,"MM, RS",D,363,Hort,NA,NA,2,,,
8/14/19,"MM, RS",D,119,Hort,NA,NA,1,,,
8/14/19,"MM, RS",E,215,Adams,CLC,CLC,1,,,
8/14/19,"MM, RS",E,134,FullBelly,HPLA,HPLA,1,,,
8/14/19,"MM, RS",E,335,Charlotte,HPLA,HPLA,1,,,
8/14/19,"MM, RS",E,201,Isham,Untagged,Untagged,1,,,
8/14/19,"MM, RS",E,201,Isham,HPLB,HPLB,2,,,
8/14/19,"MM, RS",E,201,Isham,CLA,CLA,1,,,
8/14/19,"MM, RS",E,201,Isham,HPLD,HPLD,1,,,
8/14/19,"MM, RS",E,122,Knoll,HPLA,HPLA,1,,,
8/14/19,"MM, RS",E,122,Knoll,CLA,CLA,1,,,
8/14/19,"MM, RS",E,195,Boutin,CLA,CLA,3,,,
8/14/19,"MM, RS",E,195,Boutin,HPLB,HPLB,1,,,
8/14/19,"MM, RS",E,195,Boutin,CLB,CLB,2,,,
8/14/19,"MM, RS",E,346,Isham,CLA,CLA,1,,,
8/14/19,"MM, RS",E,346,Isham,CLB,CLB,1,,,
8/14/19,"MM, RS",E,251,Knoll,HPLA,HPLA,2,,,
8/14/19,"MM, RS",E,251,Knoll,CLB,CLB,1,,,
8/16/19,"MM, RS",A,241,Adams,CLA,CLA,1,,,
8/16/19,"MM, RS",A,218,Charlotte,CLA,CLA,1,,,
8/16/19,"MM, RS",A,85,Isham,CLA,CLA,1,,,
8/16/19,"MM, RS",A,148,Knoll,CLB,CLB,1,,,
8/16/19,"MM, RS",A,230,Knoll,CLC,CLC,1,,,
8/16/19,"MM, RS",A,230,Knoll,HPLB,HPLB,1,,,
8/16/19,"MM, RS",A,81,Knoll,CLA,CLA,1,,,
8/16/19,"MM, RS",A,149,FullBelly,CLA,CLA,4,,,
8/16/19,"MM, RS",A,299,FullBelly,CLB,CLB,1,,,
8/16/19,"MM, RS",A,142,Isham,HPLA,HPLA,2,,,
8/16/19,"MM, RS",A,228,Adams,CLA,CLA,1,,,
8/16/19,"MM, RS",A,109,Adams,Untagged ,Untagged ,1,,,
8/16/19,"MM, RS",C,9,Charlotte,HPLA,HPLA,3,,,
8/16/19,"MM, RS",C,9,Charlotte,HPLC,HPLC,1,,,
8/16/19,"MM, RS",C,45,Adams,HPLA,HPLA,1,,,
8/16/19,"MM, RS",C,10,Isham,CLA,CLA,1,,,
8/16/19,"MM, RS",D,79,Hort,NA,NA,1,,,
8/16/19,"MM, RS",D,129,Hort,NA,NA,2,,,
8/16/19,"MM, RS",D,5,Hort,NA,NA,1,,,
8/16/19,"MM, RS",D,119,Hort,NA,NA,1,,,
8/16/19,"MM, RS",E,350,Charlotte,CLB,CLB,1,,,
8/16/19,"MM, RS",E,201,Isham,CLA,CLA,1,,,
8/16/19,"MM, RS",E,201,Isham,HPLB,HPLB,1,,,
8/16/19,"MM, RS",E,289,Knoll,HPLA,HPLA,1,,,
8/16/19,"MM, RS",E,335,Charlotte,HPLA,HPLA,1,,,
8/16/19,"MM, RS",E,215,Adams,CLB,CLB,1,,,
8/16/19,"MM, RS",E,134,FullBelly,HPLB,HPLB,1,,,
8/16/19,"MM, RS",E,328,Adams,HPLA,HPLA,1,,,
8/16/19,"MM, RS",E,195,Boutin,CLA,CLA,2,,,
8/16/19,"MM, RS",E,195,Boutin,HPLB,HPLB,3,,,
8/9/19,"MM, EEO, RS",E,195,Boutin,CLB,CLB,4,,,
8/9/19,"MM, EEO, RS",E,195,Boutin,HPLB,HPLB,7,,,
8/9/19,"MM, EEO, RS",E,195,Boutin,CLA,CLA,4,,,
8/9/19,"MM, EEO, RS",E,328,Adams,HPLA,HPLA,2,,,
8/9/19,"MM, EEO, RS",E,215,Adams,CLB,CLB,2,,,
8/9/19,"MM, EEO, RS",E,215,Adams,CLA,CLA,1,,,
8/9/19,"MM, EEO, RS",E,215,Adams,CLD,CLD,4,,,
8/9/19,"MM, EEO, RS",E,395,Adams,HPLC,HPLC,1,,,
8/9/19,"MM, EEO, RS",E,383,Adams,HPLA,HPLA,2,,,
8/9/19,"MM, EEO, RS",E,383,Adams,CLA,CLA,1,,,
8/9/19,"MM, EEO, RS",E,134,FullBelly,HPLA,HPLA,2,,,
8/9/19,"MM, EEO, RS",E,334,FullBelly,CLB,CLB,6,,,
8/9/19,"MM, EEO, RS",E,334,FullBelly,CLC,CLC,9,,,
8/9/19,"MM, EEO, RS",E,334,FullBelly,CLA,CLA,6,,,
8/9/19,"MM, EEO, RS",E,334,FullBelly,HPLA,HPLA,5,,,
8/9/19,"MM, EEO, RS",E,201,Isham,HPLA,HPLA,1,,,
8/9/19,"MM, EEO, RS",E,201,Isham,CLC,CLC,1,,,
8/9/19,"MM, EEO, RS",E,201,Isham,Untagged,Untagged,1,,,
8/9/19,"MM, EEO, RS",E,201,Isham,HPLB,HPLB,3,,,
8/9/19,"MM, EEO, RS",E,348,Isham,CLA,CLA,1,,,
8/9/19,"MM, EEO, RS",E,122,Knoll,HPLA,HPLA,1,,,
8/9/19,"MM, EEO, RS",E,335,Charlotte,HPLA,HPLA,2,,,
8/9/19,"MM, EEO, RS",E,251,Knoll,HPLA,HPLA,1,,,
8/9/19,"MM, EEO, RS",D,103,Hort,NA,NA,1,,,
8/9/19,"MM, EEO, RS",D,130,Hort,NA,NA,2,,,
8/9/19,"MM, EEO, RS",D,283,Hort,NA,NA,1,,,
8/9/19,"MM, EEO, RS",D,129,Hort,NA,NA,2,,,
8/9/19,"MM, EEO, RS",D,52,Hort,NA,NA,1,,,
8/9/19,"MM, EEO, RS",C,45,Adams,CLA,CLA,2,,,
8/9/19,"MM, EEO, RS",C,45,Adams,CLB,CLB,1,,,
8/9/19,"MM, EEO, RS",C,40,Isham,CLA,CLA,1,,,
8/9/19,"MM, EEO, RS",C,90,FullBelly,Untagged,Untagged,2,,,
8/9/19,"MM, EEO, RS",C,151,Isham,CLA,CLA,1,,,
8/9/19,"MM, EEO, RS",C,368,Knoll,HPLB,HPLB,2,,,
8/9/19,"MM, EEO, RS",C,222,Charlotte,CLA,CLA,3,,,
8/9/19,"MM, EEO, RS",C,26,Knoll,HPLA,HPLA,1,,,
8/9/19,"MM, EEO, RS",C,9,Charlotte,HPLA,HPLA,7,,,
8/9/19,"MM, EEO, RS",C,9,Charlotte,HPLC,HPLC,1,,,
8/9/19,"MM, EEO, RS",C,9,Charlotte,CLC,CLC,2,,,
8/9/19,"MM, EEO, RS",C,9,Charlotte,CLB,CLB,1,,,
8/9/19,"MM, EEO, RS",C,9,Charlotte,CLA,CLA,3,,,
8/9/19,"MM, EEO, RS",A,64,Charlotte,CLA,CLA,1,,,
8/9/19,"MM, EEO, RS",A,73,Charlotte,HPLB,HPLB,1,,,
8/9/19,"MM, EEO, RS",A,73,Charlotte,CLA,CLA,1,,,
8/9/19,"MM, EEO, RS",A,230,Knoll,HPLB,HPLB,8,,,
8/9/19,"MM, EEO, RS",A,230,Knoll,HPLC,HPLC,1,,,
8/9/19,"MM, EEO, RS",A,230,Knoll,CLB,CLB,2,,,
8/9/19,"MM, EEO, RS",A,298,Isham,CLC,CLC,1,,,
8/9/19,"MM, EEO, RS",A,85,Isham,CLA,CLA,1,,,
8/9/19,"MM, EEO, RS",A,142,Isham,HPLA,HPLA,4,,,
8/9/19,"MM, EEO, RS",A,299,FullBelly,CLC,CLC,5,,,
8/9/19,"MM, EEO, RS",A,299,FullBelly,CLB,CLB,2,,,
8/9/19,"MM, EEO, RS",A,109,Adams,CLA,CLA,2,,,
8/9/19,"MM, EEO, RS",A,241,Adams,CLA,CLA,2,,,
8/9/19,"MM, EEO, RS",A,228,Adams,CLA,CLA,2,,,
8/9/19,"MM, EEO, RS",A,72,Boutin,HPLA,HPLA,1,,,
8/9/19,"MM, EEO, RS",A,105,Adams,CLB,CLB,1,,,
8/9/19,"MM, EEO, RS",A,105,Adams,CLA,CLA,7,,,
8/19/19,"EEO, MM, RS",A,72,Boutin,CLA,CLA,1,,,
8/19/19,"EEO, MM, RS",A,149,FullBelly,CLA,CLA,2,,,
8/19/19,"EEO, MM, RS",A,230,Knoll,CLA,CLA,2,,,
8/19/19,"EEO, MM, RS",A,230,Knoll,HPLB,HPLB,1,,,
8/19/19,"EEO, MM, RS",A,148,Knoll,HPLA,HPLA,1,,,
8/19/19,"EEO, MM, RS",C,23,Charlotte,HPLA,HPLA,3,,,
8/19/19,"EEO, MM, RS",C,9,Charlotte,HPLA,HPLA,1,,,
8/19/19,"EEO, MM, RS",C,151,Isham,CLA,CLA,1,,,
8/19/19,"EEO, MM, RS",C,45,Adams,CLA,CLA,1,,,
8/19/19,"EEO, MM, RS",D,54,Hort,NA,NA,1,,,
8/19/19,"EEO, MM, RS",D,363,Hort,NA,NA,2,,,
8/19/19,"EEO, MM, RS",D,79,Hort,NA,NA,2,,,
8/19/19,"EEO, MM, RS",D,283,Hort,NA,NA,1,,,
8/19/19,"EEO, MM, RS",D,94,Hort,NA,NA,1,,,
8/19/19,"EEO, MM, RS",D,103,Hort,NA,NA,2,,,
8/19/19,"EEO, MM, RS",D,5,Hort,NA,NA,2,,,
8/19/19,"EEO, MM, RS",E,254,Knoll,HPLB,HPLB,1,,,
8/19/19,"EEO, MM, RS",E,305,Knoll,Untagged,Untagged,1,,,
8/19/19,"EEO, MM, RS",E,251,Knoll,CLB,CLB,2,,,
8/19/19,"EEO, MM, RS",E,251,Knoll,CLA,CLA,2,,,
8/19/19,"EEO, MM, RS",E,257,Knoll,CLB,CLB,1,,,
8/19/19,"EEO, MM, RS",E,257,Knoll,HPLB,HPLB,1,,,
8/19/19,"EEO, MM, RS",E,278,Isham,CLC,CLC,1,,,
8/19/19,"EEO, MM, RS",E,278,Isham,CLB,CLB,1,,,
8/19/19,"EEO, MM, RS",E,330,Isham,HPLA,HPLA,1,,,
8/19/19,"EEO, MM, RS",E,290,Isham,CLA,CLA,1,,,
8/19/19,"EEO, MM, RS",E,346,Isham,CLA,CLA,1,,,
8/19/19,"EEO, MM, RS",E,196,FullBelly,HPLA,HPLA,1,,,
8/19/19,"EEO, MM, RS",E,334,FullBelly,CLB,CLB,1,,,
8/19/19,"EEO, MM, RS",E,331,FullBelly,HPLC,HPLC,2,,,
8/19/19,"EEO, MM, RS",E,215,Adams,CLD,CLD,1,,,
8/19/19,"EEO, MM, RS",E,215,Adams,HPLA,HPLA,2,,,
8/19/19,"EEO, MM, RS",E,195,Boutin,HPLB,HPLB,2,,,
8/19/19,"EEO, MM, RS",E,195,Boutin,CLA,CLA,21,,,
8/19/19,"EEO, MM, RS",E,397,Boutin,Untagged,Untagged,2,,,
8/21/19,"MM, RS",E,195,Boutin,CLA,CLA,3,,,
8/21/19,"MM, RS",E,346,Isham,CLA,CLA,1,,,
8/21/19,"MM, RS",D,20,Hort,NA,NA,2,,,
8/21/19,"MM, RS",C,26,Knoll,HPLA,HPLA,1,,,
8/21/19,"MM, RS",A,230,Knoll,CLB,CLB,2,,,
8/23/19,"MM, RS",A,85,Isham,CLA,CLA,1,,,
8/23/19,"MM, RS",C,90,FullBelly,Untagged,Untagged,1,,,
8/23/19,"MM, RS",C,23,Charlotte,HPLA,HPLA,1,,,
8/23/19,"MM, RS",D,5,Hort,NA,NA,1,,,
8/23/19,"MM, RS",E,195,Boutin,HPLB,HPLB,2,,,
8/23/19,"MM, RS",E,195,Boutin,CLA,CLA,1,,,